X,Y
7.015537886364186,-2.752123592985911
3.2291138372130774,-1.4292046127279168
5.832209478798431,-4.607104874181919
4.634941997794435,-6.236579860523381
-9.350086521840664,8.002130958544711
5.9179647080877285,-9.57823965502665
-0.67950446684425,3.650388890695977
6.185927022089672,-8.843354812461754
2.05803405790771,6.3493068112472315
-4.005301935782104,-1.0524797440743754
7.396644003156272,5.720960164935729
-8.07641142156352,9.9577418477068
-4.883595544117238,1.9969789041212351
4.2545167563551445,5.526175543901298
7.46299763620717,-4.916190221981527
1.3821264336494625,-5.231099675731903
4.4258347524177815,3.617378715905593
6.390319438562521,-9.706507214396733
-4.807936700807598,0.7627430553942034
6.443146715247007,-2.701861563015915
-6.312943587426776,8.404401016520954
-0.8715765222201668,-2.665702878545222
-4.562933207675077,6.623689291411697
7.65786655803538,-0.8315934942112424
-4.08512842560941,-7.558605476141455
4.309595583679597,7.006925466787383
7.5836594421330545,8.82728966552271
-9.388584744296564,-0.7752788834088893
5.711501806693246,-1.4039708182084976
5.372242805126017,2.2869933690173596
-3.0551091176830525,7.438882914344767
5.992040347515104,-5.931902131526757
5.715810855081941,3.217990549842984
8.73286325159306,7.634170169639567
4.050131202605078,2.4243790175867517
2.9785621985637682,-5.185036910983294
-5.934714615618399,2.4667973986360963
-3.1376774907124876,-5.922851059101795
-7.520693490748447,3.5848091324323494
0.7061657334552898,6.664770986112668
-1.9322890124996448,-6.494078236867993
-9.501054162957521,-7.445722379197166
-1.97435769350008,9.860555776152466
-8.904267499062977,-7.8491253386639865
-8.634574966164985,9.101693968585664
1.5146959448313364,0.9528925859443262
-0.15815467736437938,0.11562553419367028
-7.739269854249553,-5.867033732445113
6.845543836968236,-1.39543976839831
8.287779875968369,-0.4149916878367321
9.585317558452594,-1.2809242878719207
5.546508156189006,-6.5574845940092725
0.510213211730072,6.723840622453547
-3.1915335091352155,0.31444782682760675
-8.488893737483851,-9.776711271256014
7.46202291543803,-2.148541466203149
-9.004880330114988,-2.9395294028100727
3.7608861690957873,9.284714965349238
9.322330187214437,-1.664878090122265
1.7758522080050394,9.74466746640742
-3.150925759779044,-6.865463184981313
5.821946319022883,-8.27085042207222
-8.096997085304327,2.2936439136281237
9.035076250974384,-9.228184332257134
9.021840963719399,-7.8010917292978394
7.090928600998144,-4.526768045440646
-3.9641941633950424,8.446916100045318
2.0204417316001866,-7.36499773771488
-4.032032949055124,-3.818101330495656
4.023834062879452,-8.499221247144499
-2.860458161841506,-3.0541213933073745
1.055104633375274,-0.8369729167070155
4.037933910154942,-3.1733903114411977
7.954993668284121,0.1279424078010507
0.9838636441072008,-3.187720060883743
9.72562411547672,9.844558324814123
1.9118628012534966,-3.3110409545108554
-2.051187519495614,9.98728421703525
-6.920830549771086,5.703525879975071
-9.168478656083032,-1.9180839157286034
9.242982882861792,-0.8959904553812414
-8.649621068924054,0.7808757773948631
9.863998603490863,-5.510833129458064
5.078533807824936,0.03865830039151419
-3.3108326826265895,-3.925030132343763
-4.811052204999486,-5.513358105152291
3.8145277307513563,2.1698360376027264
7.783711761037569,-8.577845196020458
9.431667468434874,4.195815869417213
-9.468387016659626,4.120549344153094
9.247127421184153,-1.2857612248993995
6.395489293972794,5.533764519928326
1.474907116102104,0.09887036246137271
8.119857221087695,4.072036923765236
-6.850804381326401,8.63141509431571
3.5469337969998165,-6.621821389997075
-2.508148521595757,5.264500441393938
4.97733012683269,-6.21048468496491
2.3817445090897387,3.5031732981762094
-2.932157843053127,-8.675252424181302
-2.3699473938542637,3.982853269720934
-8.305743404735795,-2.132018109967162
7.702556390485615,6.109235925682043
-3.761503248143489,-6.78551525920958
-7.137426409322096,6.011662335452556
6.341489418177908,4.466051125233289
8.646201588650243,-8.693676148065412
-1.1905986471692032,6.025623602344766
-9.744266572421052,-1.6488288896011642
-6.998478978756026,1.9236685146238806
7.822073408617747,-8.898802256482014
9.965137707996835,-8.611744683727236
1.8585911491726819,9.57269855315431
-7.058891957400359,3.4600244442816503
-6.350502972479748,-5.49094191990781
5.15092677445023,0.11196089515275531
-6.807007787763871,7.7822171599497345
-7.391874161847158,-4.279961212910274
-9.260848796495875,6.453415417924507
-2.820577879895165,-2.6905950082740704
-7.507665180438297,-9.824686293314024
-0.14236523413113034,-2.6565649635927695
-3.117546632796957,6.434318781648393
-2.934788065389549,-0.2506248014955137
-9.34927121812153,6.771708609918946
-2.4567110205502374,-6.638991319131011
1.7307114047903465,-1.3075747421152464
-5.076918048891956,3.851626638594162
-2.737145949947819,7.557061364469515
-0.9874345692812359,0.05763653185331741
-8.81713324119184,9.020404051177302
0.8098387825562625,0.9827139722672413
5.944249351081885,7.395291779228941
1.248652540153392,9.280786428817791
0.1932281087605876,-1.0446165543741852
1.2929433684581113,-6.6020424919303
2.1232647684384,-0.22021332384077397
2.302803374977774,-2.454368122976809
-5.980024847961911,6.7103992943792505
0.010258315943382001,-9.264617379349511
1.5323470557111136,-6.665986035567
6.172567695079035,2.1021617296003896
6.318354197050951,8.207113727504613
-8.405137107173497,-5.358098964294591
3.01688629660773,3.598986887102802
-5.110551908003269,-7.383593120266978
9.595907869455974,5.542962972555214
7.7920441459238035,8.800955940469112
-6.9855016939026005,4.343385049470715
8.931561132576032,-9.165393215431985
-9.03259659921875,5.799761444036477
0.887880962817162,5.568985491995221
-9.725384206402286,-6.169603584480559
-3.57262645655116,1.678923856294606
-2.6995128789719853,7.529411200336632
6.441044907194321,7.491451786661585
8.614770553672141,-2.9163528682915407
1.5880829915564991,2.0349033116448823
6.530164814719605,-2.3072884281924573
5.546491479595241,7.75066654221839
4.674690019772605,-7.110139145899986
4.608028166891497,-0.7154781629126479
0.9526850040125439,-5.090978598209286
3.781090381524306,8.556173088679188
-6.899296828229637,7.85551164669533
9.436606956808482,-6.343514777161932
7.116327393509845,-6.727130524476161
-2.5537352266098186,4.191924999561296
-3.8956785560519425,-9.002512060484385
3.035332661201327,8.355758426179381
-4.670616551558369,2.8736474820349827
-6.834426962757347,7.088049684686155
-6.426251605781541,-1.6676532036102625
5.006426735211239,-4.0010638381137635
-8.727634685484677,4.0871238446612335
6.0964751654063285,-4.834566361829955
-6.4412989217736305,-3.0433224124666713
-3.737285008629372,-6.236600017150991
-4.594850525951511,5.051338172743094
-7.684360100949581,-9.610165945144114
-1.6053263952046386,-5.404716177343114
-6.477524221866624,0.6595157007910402
-4.504996010865863,1.607402647494423
-8.112412016211845,3.42599405193279
-6.217587155380359,-0.6426781163776738
8.228796049966636,-4.098998398503648
-5.762647017575528,-9.60053390986435
-9.184752978723875,-5.8201618715129015
-3.822578513510728,-7.311068193022532
-8.946597069424943,3.6017553126746726
9.045510562750874,-5.80933525906818
-7.345445072871639,-5.8071629998775
4.821642389715857,-7.1007038785989725
-1.5756782061904886,-0.4354076859997118
-6.844335578553505,4.738849928914021
6.377269451629303,-3.6067206367761617
8.40277409959278,-6.934957067614469
-2.6989982237739873,-3.271782656786182
-2.320655126306546,5.760417640395275
2.463216436455845,-8.07944874820431
3.5335345582191646,-6.504250519725138
5.08337466415397,-8.716199970744995
8.807811906753187,1.7818558806452316
6.830708588964647,-1.3189982137674647
9.475666530947848,9.225428158724235
-1.5966906972772588,-3.529178610374659
-3.16240777653523,-9.501454776905597
-5.372739847138361,3.308564179880296
-1.311747293880913,7.071930427023787
-1.1545101565085165,-4.0608891609770055
-1.319526418904939,9.627282445609914
-8.903418998215567,-9.537665400923485
0.5089437404448596,9.657301723849397
8.291719283371798,-3.2890906169684904
0.753140171032145,4.325169510741112
1.0458923026591833,-8.312248797613078
-4.764519720927726,6.7547661448012235
2.3358985593283386,-4.452006126461267
-2.0799776007181414,0.024212337935951567
2.8593781381578047,7.45379400273719
0.7870279794693946,6.1303646125238735
-3.0100252431643293,-5.54365173879509
4.54488877591154,9.459490616302347
-9.167049949913878,-9.562131860746222
-2.4603320594251077,4.938408401199313
-9.753588961446948,0.3295364474525968
-7.638288898448415,-5.625665716292616
8.433050025709278,7.063053088234469
-3.757199733253085,-5.905997455124048
-4.656463654076804,5.59629032118762
8.595727805264211,9.393581275477096
9.892000595719548,4.249796691827989
-7.886032563583805,6.714090535384322
-3.6508348499401304,1.0992439346910814
-7.191988967826257,-3.5285066741657367
-0.9231575416126763,7.946985016840145
-0.950814107331702,3.8306022278320295
-4.909753503425969,-7.152209420613684
3.431178583334372,-0.03451103959994839
-6.854792664585984,-9.789030119643138
9.85056350644987,-7.978144738432702
-2.4112313837122157,-8.243693381500245
-2.0290966423575707,4.70346044182172
-5.645623675749649,5.727510498551085
0.5196322575875012,1.6918929451976705
1.9929101739419863,-7.460637118661091
-8.47646771225219,4.762266436890929
-8.637179210122737,4.427589218085737
9.911863886214121,6.221279665801777
4.070675558821804,8.873153015200359
7.320937663809623,1.3760585721023428
-1.1547682788935099,-5.827054506045865
7.946401743383163,1.590558863129484
-4.533557239600303,3.237501681940607
-5.529213722729729,-2.4975233384794526
-8.99619457525633,-7.389680844897377
-3.0253560657696283,8.952331272501965
-4.42343937029592,-3.0343570493434946
6.419145790310033,7.326964826283891
4.036548266801516,1.2306479708324964
-2.447820124726478,7.450707870937542
-4.089102504457049,-1.243456860295229
0.8754127296961993,6.527428910923664
-1.8027510157822064,-4.294020232526861
8.353720255904285,-3.7068049292778067
7.535995286320741,-0.8926980015305297
9.584917324431096,7.738484126819337
6.141901989589677,7.543187549182676
7.241926530428962,-9.285802596695312
6.445389486749342,9.803218279621998
-8.61730271112027,-2.53919950622654
-7.573697305493838,8.794686252179673
-3.9829802923689073,4.2497147925778265
3.57122431052521,4.892901539834657
-5.825878592546234,8.558755370998178
7.512015952429238,-7.959940568370987
-9.799901779670492,-4.507830470830301
9.999448326305654,5.170650795326587
2.846673239148723,-4.550700346789305
1.9586125465415876,7.479127110251955
1.0393645180570168,1.0978871313104044
8.026936178974669,-1.2791639923106253
9.073921838307328,-4.784830149034571
0.8221278586949214,7.5037437152491115
8.903553198560111,-0.9159869086467118
-0.4952434148572351,-5.986150082180288
2.0445404464601307,-9.602383400842253
-6.063169966429838,9.50082759775308
-7.867884591870995,6.09285593689469
4.921402918423837,6.735892486662721
-1.742416974915793,-6.5962744280281616
5.966179148091131,6.771637668340638
-1.7560134616737386,1.0624142420771534
2.0238315104889395,-5.481310140329931
1.2506722534376848,-4.274923434552096
5.682316848623001,9.83391046671602
3.588889549732004,-6.866537201057003
2.7249919145158152,9.531466590170918
-6.850199940224684,9.111045059144239
6.822771998063018,5.766627471376573
8.368896064590498,-0.6267587953217877
-1.556933873618906,-9.93516744925838
0.8733010910924559,-6.029172815026067
1.283477724637967,9.19869808839207
-3.2687616925939427,-1.0745360667231232
-3.742897538314523,-3.0155076839068062
-9.42854040695871,-9.848578135828463
4.720410858253368,0.6088374642244645
-1.2109222902558887,-5.255576677270204
-0.4353372974053915,-9.323819999115639
6.055044840709776,-2.9100271909625963
9.25794097457824,7.124674079041451
9.044296729036454,-5.864617777304133
-0.7847721249138733,-1.5934113656994562
-3.13078176931747,-1.8003937067363296
1.284442939935193,-2.4256446857630554
9.512644214454014,-0.5594511032877154
-4.250585090948209,-3.7460605357714876
-9.693236780141488,4.697595682590698
3.844358447955072,-8.00062699746383
1.7804147427007866,-5.32337370093253
-0.6388405552393532,9.51784665737106
-2.4734498595461485,-9.196812536685616
-7.85250448740652,-5.052201027323249
-6.723359844497489,0.4528741740926776
-0.3137568374323365,8.57087520977143
9.134292381391866,-0.8208866820043639
-4.8157513599306885,3.1415791555325114
1.9193132348194446,-9.149428941263363
-3.499674382903115,6.632512016974985
-7.719893614081721,0.9207794723257638
-9.497668944952549,-1.2017105463755264
-6.947474153457522,-4.605265539642791
-9.975542735759074,-9.497359365587474
-1.7411199111565416,-1.044923727374842
6.504118662416445,2.346587178381112
-3.676886335715526,-6.921612499910568
0.8608722412228502,-8.461157947360004
9.00350144374416,7.104745131073884
5.1399764005573445,2.7061428799663645
-3.1303832874169686,2.6488726030489147
-4.179510766047374,8.224522637452903
-2.7583778942048376,9.763382466965268
4.682296978008749,-5.7942506751273815
7.909852784817488,7.978261519604118
-1.8646479440944326,-7.543462711665518
4.438459307467998,1.2967706824233556
1.833155742607211,8.908593345730441
-0.22177525702174705,-1.8674573948669355
2.46999955297375,9.169765656610974
-2.1522223642163567,7.6490516106469855
-0.4954066437787308,-0.2658099115677288
2.7977044679625784,-1.432844794941328
-3.0579613572082103,-7.9082851025617895
2.8234219570332684,-8.335594948114291
-1.9569706635611706,-8.356697426198734
9.884498649915784,-2.9880865721706833
-9.426497377837869,3.052374125117346
-5.747989466945416,-4.975583942619002
-5.085200466258244,-5.718505726445624
-2.1096012994596247,2.717595660078345
7.855857247782808,-3.824538084162472
2.2922001120167295,-6.047793908204728
-8.107615072685837,5.577717335312208
-0.7949817958135004,-0.8502298533168364
-0.549418850032243,3.3695836930053407
-8.15728114388218,-8.003961214928445
9.011159469977422,-4.853457120978124
9.976074182188544,-8.275080768432204
-3.8232798023695302,1.9595823569168136
6.826565375201465,-9.939468366292337
-7.204189546759663,5.965136841188274
5.838240055961723,-3.622563202325315
8.843617327601343,-8.801948858033832
3.7380292594222215,5.000227246233326
-4.305212085654528,-8.222729813231455
-5.26536973288075,7.652709235238049
-6.874260702251711,-6.833717692585761
-0.07767970570742477,7.673429405052065
5.818703431536505,7.220527747200901
2.3316197881017704,8.45925830301746
-2.5129695413308912,4.79481414559336
-8.441206890136383,5.7616427214727235
-2.1886419616979165,-5.925842690005261
-6.593460259558781,2.2152228505725287
-9.758881825486224,8.342141377528407
6.663118734792569,8.420185064118083
6.808165022964502,9.861714080653716
-7.693334863564127,-4.95260675382106
-6.440878967675863,2.2658299291144957
-8.810919226901166,2.2161935984834926
6.649101140880926,1.8434697955857597
3.874429049907617,2.1966863122578157
6.426358067312204,7.134634270239424
5.8741018469450665,-5.416224877048426
-7.257208999348457,-2.3144313109160253
2.290876004416468,5.996288046410928
-3.9609262466506356,9.91833515838945
-5.579015294852825,-5.091986144567365
9.606989388220303,7.215866421851032
6.564841518998396,-0.9816430170298478
-7.672653337180582,1.7493467621812968
7.858886376076754,-5.79928312673016
7.120872967804836,6.693854264427003
-8.160186177323581,4.28648730744159
4.362492399358578,-5.470974715880921
-4.492374429836121,-0.5375942450164555
-3.6840304097992416,-1.2257151115189053
-3.083019215937785,1.8453761109207978
6.914459806984798,8.200133636705559
7.091922111214302,-9.900860917537956
-7.199793079231895,-4.619583820204756
-5.460144007959595,6.430726669687861
-5.125725769055228,5.908992753145803
-5.555190232472009,-9.736026246836445
-2.8753070645936667,5.8946126511254455
4.3337807389388505,-4.531195989844141
5.868483617765342,3.5683966617416036
-3.9741194573262684,1.35940567691177
-5.084481002292602,-2.182190076751988
3.80944989343746,-7.57082799181346
-6.06988831306081,-9.0289251344896
5.600419202757687,0.6538843690677432
-7.2586970526201,0.24244365460265627
8.820567408977368,2.632812291491092
6.277088731341308,9.954586967384309
5.644574725261215,-5.399772246642813
-8.423000850041815,4.049078551201903
-3.5273636536637625,-6.890356509839066
-1.18614388815317,7.006027828091227
1.079804899545877,9.460653172271194
-8.259387381896701,3.593668157903828
5.882520514839253,-7.000173917889598
8.541741871774484,5.225527727423351
7.815428804038859,-3.604742437067001
6.048774742593746,-7.367736743958531
-3.845892036657168,-9.047904297325665
4.515722976297024,6.0626553767928755
-7.7239220326685025,0.19186663849455066
-9.971856077329742,9.66340843513471
7.787956867404574,-7.921612691178046
9.537393620487261,-1.1318926445028783
-5.118891114815702,0.48745249053711426
8.792641682939784,5.145518308339765
0.4657272881654393,-9.203676590174052
-3.29874640187906,-9.146801888860676
-5.027271171391828,2.004695356452695
-7.584062139127412,-1.1513326585022163
5.4422239097125455,1.3496589698469297
0.9840129980398302,1.518962103535717
9.488533371781735,-3.7307145180404717
0.9125190059277859,0.8050920286296197
2.093261872813155,7.901677632444134
7.182973596353698,4.171542658221002
-7.692419142082114,6.395155615791527
-4.96753707192272,6.763615900662195
-0.6243068960959093,-3.7095062341416796
2.659948491800499,1.633881482016303
-8.615015835489913,-7.8442323039839685
-8.59758982679558,-4.066252655702032
-4.409258717438411,-6.602655401817186
1.652148282863319,0.4357218769804092
5.680122907585329,6.721547726391442
9.23358930285952,-8.586655599799473
9.717925325418037,0.9291171395801978
-5.670171937090149,-3.8971162696571877
5.127851427620907,9.142414439481609
-0.7061687933344487,-3.7593764742126856
1.537900376776145,5.416310251860633
3.0775024345390776,-2.161351178327287
-9.439949542364534,7.423785121649047
1.2997011576096789,-5.844353883000188
1.150795111461722,-1.4666795671650696
9.335024675259326,7.642596924690132
7.259119710081357,5.494734731636637
-2.5686884092574864,-0.3675214402225926
8.444600524430147,3.1360417002031937
4.4861452288593195,8.026300774581824
1.654933598627256,6.446757964369191
-9.86129365031844,-3.673136694140009
9.845155679948046,4.540056674412652
-6.861353268233639,-0.9345394921174677
5.653165683064035,-3.800112899459293
4.586455671727908,-1.6758778242840489
9.228478247063286,4.986480957292603
-1.4186914050416206,8.965904870684472
-6.195915799858791,-1.12334861163961
-1.7990540622334894,-3.9734757228455253
9.452220511960036,0.6372559330728649
-2.992125606068843,-3.9777938302217075
-4.514053950267714,2.3190937597017562
-6.354637340785474,-7.871549532052131
-7.048611809955984,7.867852900365154
-4.354463004512661,0.8764215047030088
7.8189396150575625,7.589561114439224
2.406000388508831,-1.59231885330591
0.5910097391152984,-6.827442067794394
1.5042174182778556,-5.202583114651387
0.049201942138410004,8.212959926673435
4.702835824868348,-3.289078690715808
3.2590782043351254,-7.558826666526506
-2.141665956473295,-3.7810600208599343
-7.734560944107864,4.900969568153952
6.962098817480847,9.55549734841301
-9.650434875685047,-2.7738045825213415
4.2130005511023185,6.893133992765858
2.7715479750737,2.195494938909386
7.549383843604733,-6.267406225863434
4.822957301817201,0.32731206595188134
8.709327601876634,-4.944381943749503
9.109438970328487,2.1707792331442946
2.842614522329942,8.255122051614208
-6.745013074528496,6.131961888709789
5.257275450245684,-7.827739847657065
6.0334017242473905,-6.324883675150749
3.1145990394156513,1.4781225876202235
-2.2878046872506497,5.004284414447159
-6.982054035301952,1.2925726984253476
9.37273776910267,-6.789611902517169
-0.7352878688738365,-9.598451991922428
-7.7658447494808485,8.17312201478996
-2.2705828254546905,1.5574309823420478
6.661477403125716,-8.305468840788393
1.1576395279062464,5.812659271329819
-5.495728798118018,-8.70906224344671
-3.7595109064515952,4.859683664065917
-4.018412035216525,-0.41725077286177736
3.5476191838434374,7.820984973815712
-1.4486884485046687,8.97600157165001
-0.44138298656276653,4.047317179973023
-3.0764820660965597,-5.830362075960802
-7.995607279405233,5.2980135473690275
0.7015086294629818,6.629076876735116
-7.659054759898554,4.029907894224836
1.1934443170703624,-2.717606283482155
2.867672701590152,4.741169975398263
9.000920322917356,4.466128678175309
8.835844670509058,9.12514843601802
0.2839846121188643,-1.4553423824881477
5.940750740811184,9.857842831755775
8.698166460769205,7.968827151062509
3.4992139516929495,2.085462086136383
-7.653181781716523,-9.422990258008339
4.281445932761985,-8.03813443265806
-7.281905851307895,5.248009614460141
9.791152128713616,-3.803421018320745
-6.311962567685143,7.968125480427371
0.6581762421957666,2.8895062817419674
1.912878523953406,-1.8255692561672312
-0.01194778592757828,-0.3460350358890256
-8.337664206472875,-1.6158321400063596
1.4496953571197206,-9.850808968153185
-4.022889492840182,0.10059908635103021
-2.1846129810759845,1.9457601905817334
-6.3446858581915855,4.98531917141012
2.543658012686109,-4.043848173866587
9.581522689236838,9.70579406811439
-4.094048012251024,9.592318433583088
-0.6251353981683891,2.3015984817018715
-2.92006901070069,0.2739097068611791
-1.1921223158725347,-3.8910187043825246
3.3129324858944553,3.2579224095056993
-7.117644046999909,-6.813716629916233
8.562237766712574,2.4168791903116116
-8.794695284947556,-7.211303284139059
-5.867775536652098,3.4954155543789796
-2.0928013250227746,-7.7479469235903515
-6.640126808758751,2.7229052072444215
4.557663711085727,-7.81302364144318
-3.2628752371842555,-7.763060263446948
-0.6186603646165665,5.261357724477822
3.038947430949017,-6.692761943236151
-0.9456452568099571,3.294504043625384
-2.721421295182676,8.812395403591715
7.274344236077411,3.8828837095905104
-5.416724744946235,7.210073977546038
-6.399780132673789,0.050523750073914186
1.1513165296243937,-4.657238302154568
1.8583135266550777,-3.17183593581224
-6.558439630138397,3.811473790847124
-9.017745771600472,-1.0758933300975055
-6.475661153401169,-0.30741554345243216
-5.369494153093934,3.9586514975324523
-8.24897981692487,6.429124005612877
6.4496021466955185,7.0062362804434954
-7.273038258584132,-0.573438427427579
-4.020697122366716,-3.150726923465328
4.925363244451447,-9.827605807271599
-0.9325536274382245,-8.164070281656583
-5.244003416970613,-7.1101089766435255
5.742687810376994,5.621431944471819
-9.447853500942962,5.4243026960415754
4.791274115520823,9.787996949249589
-8.50294865981727,-2.783307818608778
-5.157875627102435,-8.886619879843858
-3.2538789023177355,-5.745332258734408
-4.099338846013547,-6.841480798019203
7.225843019231629,-4.844238857341933
6.348353000454445,-2.596761073255589
4.437981420222268,5.563323875387978
8.467842208010648,-7.01268298833093
-2.9967567885673123,-0.601288901464196
-2.03945176187192,-5.510607427023855
7.147414226366742,1.8589851642817727
-7.534399855699001,-3.2174945492669194
-2.761247984829338,-2.6662136617163696
3.8851984051184445,0.9224946460564674
-1.7184106883337371,1.8699739195753082
4.324661557916334,8.763722544825455
1.123361504498746,-9.9002166844663
-7.109517043019389,5.179595380356577
-1.8521361539518821,-2.2075486768071
-7.582912855317927,-9.876329133013332
4.948776805065776,-3.5510955362639933
-5.092993634679221,3.517500036387398
-5.104621162411609,2.774497231981453
0.03710193798461603,-6.527098048343456
-7.2879111068225715,6.863015740862945
-2.4480853129909397,6.40213194005538
-7.390939392823325,-2.7682848573436374
8.944402769224215,4.235390350278035
-5.408544516921683,-3.1517369664410104
-7.015181070711982,2.211043301974776
2.0649733707263884,5.04921426582059
3.620011999141582,2.682023510865026
-7.183874813686755,-9.652789173208468
-1.5804235480834485,0.8390530400440372
-3.598878223459887,-1.1250517359619376
7.854106849688986,-2.0620334742253448
-7.562756198774601,1.5772040027416203
-8.933492826060835,-1.2646696457685493
1.4986279750827016,-6.058070250922842
-1.1427040735113785,-7.098044007051394
7.061529396548895,-5.537101535461513
2.4499722323269086,-8.71584420798297
3.253436765392303,7.672715529349823
6.066733386222381,-3.6249960361611873
5.51238290253332,3.7265538953379824
-0.9801530332015354,5.3692700568234635
-5.860282807138441,8.407760543229777
-7.544929096096031,1.0857758670899038
5.582817686893971,0.5408659308054009
-7.7256157370819185,1.8590789290247969
-5.515036466097076,-4.640253550663969
-9.943537471714688,-4.2961311959627135
-8.733934938972364,2.730285211775234
5.157954111062606,-4.4819842892476665
8.892787373799035,3.4514747050894456
-3.1279126456044253,-4.688539044561337
-0.5561834508490726,6.62567269973983
-4.3453186972592235,4.542284282951224
6.297242387639798,1.4554126558747171
-0.21064605266354164,5.939726698916964
3.3744798029795593,3.257508190641616
8.693738729126828,-8.593023322925948
-2.006732412846109,9.879433795969838
9.31482469122751,0.07365365016271674
-1.3498490176141775,-2.2662100589516987
-3.299244185084471,-0.33242235448356183
-1.7742779989731652,4.1085867976896555
-0.5872693114756551,-8.930756134720959
-3.6406161518651636,2.9355297963433014
1.1697389703133787,6.4708180128988175
4.22640669789838,3.402696433481619
-1.7928898196060459,8.396824282591783
5.867152308204673,7.949630264961144
-1.7302992247389621,4.600486454064026
-4.504225499946015,-4.005109845247912
4.119129973983744,5.346231713162945
6.323437768441362,-4.998932769168292
-0.03148360378065007,4.457958796352624
7.450398995387413,-7.068769674152935
-5.1163329268055335,6.6952898344296905
6.596590168890518,-2.472623204925563
-7.170243197323092,-7.188542139455629
-3.201685929286344,-5.419392027922473
3.8684860055661616,-8.08115016197121
-2.5111275754138624,-9.02050406123144
-4.273913056824991,-0.4159398648279229
-6.283073225534885,0.2678016776728178
-8.511342422463956,1.308109904668349
5.859729640042005,-4.890478928591133
-9.968319822917175,-8.533872335291333
-6.205064235904318,0.9935284779253646
1.3448454841834518,-9.196772157886059
8.821449357159,1.382937144806684
-5.614322131170222,-9.484471511772462
-8.61124027019275,-6.036028230227992
0.8192304515789601,-1.3796307198418507
0.48199178459476855,8.351076391358259
-5.312145009561837,-8.602007844618084
-4.0443437551312655,2.6511497917874323
-6.297890463867453,-8.934131237580626
4.343110520532987,3.6875560722111764
2.6854157962139347,5.475305529373994
1.039432691270715,-5.670511320576265
-1.912950074115491,-8.689155105762417
9.414148535706243,-4.666207544866583
-1.9692297255243894,-5.767334374961825
2.8057670074745733,7.335219897590978
-5.837051934077309,6.348053520980859
9.806636165826191,-0.6019808560463211
0.996508187085972,-0.9090191615994314
-3.43959036360165,4.183594468956615
-1.085836918265148,-9.903260471130364
5.818227831158431,6.981145148673903
4.576675647528685,9.79548195504234
-4.874210600217859,8.860592837218178
-0.7635032941033675,3.9640611488047206
-3.0695600891069175,-8.308445789631044
3.620410162635901,9.769414747813201
8.127105737393101,-7.519813621400648
5.238575930596641,-1.1758291764797164
-8.993910729311274,-7.523230878388361
-7.962805616967701,0.1814102794039929
-8.401035170748736,5.440369330393388
-0.2695028647290538,6.4915115619665436
-6.646004273587169,0.6263444559089208
-2.1734073319873275,5.232039741803458
5.367898361401508,9.825892041875818
-3.960556005976854,-5.3087448705854605
-7.119370382101002,6.687521911582547
-4.183918755981393,4.7145529351280295
-6.149209431650724,4.123729056845477
2.8054527142803067,6.66422257513749
-7.239722541880003,9.21580929561792
7.4619996062971445,4.888444765476503
3.906608123569919,7.717378412350378
6.324974859404527,-9.66878305130804
-5.300381078110052,4.6212768342246235
3.435782005672394,-3.1902681726405717
-4.735700464863884,-2.4517374740546094
8.57764020679188,-5.406617142954612
-3.858722512961908,1.2888378551709518
-3.961315739797775,-8.898346004500501
-5.482344347760684,-4.403461453875124
4.220028113728686,-5.685853940791919
2.1894366112837957,1.330726580315174
9.11434635274513,5.650169609189737
-3.6995044832830093,-1.383985796466689
-1.5217786619237454,8.52783317185246
1.0862822154412726,-0.9957913244244132
2.9927775790797106,-5.52240938786608
-1.2203387319507986,-5.64657459785291
-6.179807019027159,-8.034463767338703
1.4114644737089392,-9.979893811444551
1.4186733047371742,-5.398203794063788
8.01229485232776,-7.450005204579913
1.612453812777721,1.4278466913911707
8.765551388596762,1.8323200062525284
1.0273300842390238,9.615230308720392
-4.474908493115441,7.066009561458607
5.103912781365445,5.502911478994999
5.096078669048975,3.4065067617974663
-7.5777485148322405,-2.099118542766445
2.9122595914710647,-0.7590015477153003
-5.433382311620409,6.897843274376047
-6.8886628013260065,-9.410801202870875
4.146551824828011,0.037209822186351715
-0.6325856051820349,-9.33678617406881
7.924801728271319,-8.950333365384664
-1.5191899249283924,-1.6137918810392744
3.1361112969704763,-2.790408775120703
-1.7778381573273165,-6.6088806316641735
-1.1208198684579092,-2.712502834271449
-9.668756720987393,-5.8341668024561315
-0.5909456783561993,8.848399875993131
4.319756104976356,-7.124678511095743
1.2102292169664768,3.792489404523625
-8.132354691084773,6.801939092948366
6.500810753529034,4.702299510344801
-4.314200169601947,2.599446121882858
-6.985936343646529,-6.806417999733158
0.5260314104460875,-3.482586066973541
3.1670435524876677,-4.384978924530367
-9.895830959118433,1.5709674984399076
1.454314773390191,-9.084009899511994
1.214781833195273,-2.8970370805617556
4.691485449034101,0.4957541930138927
8.153460810398222,-1.644752614192397
-6.25764641918847,-5.393279168021936
3.775648528534667,0.7332094969377962
1.2536898024817447,-6.162680037998516
5.6554026399684805,8.639758907676459
7.532235059880566,-4.187600944996841
3.6354641973303696,-0.5932212972829021
6.324206404703098,8.68837400509847
-3.069451243739869,8.531152764854099
1.0334758919463276,-2.565719859798234
8.257135560953735,-7.339447749740742
-3.1769350294076437,5.473494584741562
-6.335327109406577,-8.41313510933728
4.297485945420403,6.5205826701308425
-1.1569775423206217,7.370832763278315
0.4354116887090669,5.702844735994763
-7.101844362350958,4.65127839954053
-9.668092513930524,6.103246263576285
2.840378614566859,-5.420629361371936
3.2382021845421036,2.4135680814689238
-1.6093264469685113,6.476601280848438
-6.6988207392094345,-7.048882727923327
-5.919472367519269,-9.113527926410134
-7.058888774641745,9.427257395633358
1.384428822158572,-5.374105969990124
4.5931505019516194,4.201383766596148
2.8626889199594086,-4.790328239879933
-2.5613567809201125,6.401736099175306
-3.778505590115233,0.9212920809693053
6.35865014182756,7.337273100176947
-1.4241753685892853,1.13192814501768
-3.341980478869708,3.1623899929138677
-3.6197523935856086,1.7264887795991086
-3.0611377361471215,9.730581757346801
-0.9684329914641143,0.2848148175359242
7.082851169768059,-1.1763591192495824
4.4425999783104775,3.2719446055712815
-1.4704467292600256,-3.049791037534546
9.775020171285533,-2.4568829341845744
-2.7788672226542888,-0.7064058128353512
-1.143013152237561,7.402570553502585
6.221676280250811,-4.59576898849453
6.26112708089957,5.995853228218856
8.012823122563372,4.857832899229033
-7.879581709537964,1.8341485664398398
9.815503955385825,0.30865236372351745
0.8462460495118957,-7.685959273774905
2.281952871034232,5.528059187253106
3.8130831380651937,-7.993332024357606
4.370471187467071,-2.2652493983580424
6.543390216918798,1.4404084244175674
5.2552208755394005,-8.841361599305689
-7.536576347905511,4.616918362210395
-4.412881013090595,-3.2311704218854276
6.7144409914249366,9.603323937341038
-6.538491178731887,-5.43924221939144
3.5491369579705534,-8.21651853101793
-2.983141509941147,8.64207602635592
2.8217258259518747,-6.664949822954114
3.73302918974108,-8.492550422860134
-8.582228294108791,-9.122021073083392
9.916554220863041,6.32792197725103
-5.620221867060584,-8.074603010947436
-3.6611804678186655,7.101040589274486
9.147063832325433,8.078976310441593
-7.350853825036012,4.121499349627143
-6.177402563510177,-6.078649141353914
-5.2530865419510135,8.765165046429168
6.040236707700885,8.75249475202622
-1.1329474695244386,4.6597488948187475
7.801307639344174,7.215829019603085
-8.280019979165836,0.19377739904903812
-9.077941797293278,-1.1266269186908957
0.10686539676546047,0.6045891128755834
3.0059037892038667,-1.1545088191552626
-4.5920944953089275,-1.2626951354157256
-5.295704111300276,9.721168946489549
8.201592128082918,4.46662500846042
-1.7959046472884381,-3.7574982380245796
7.410250824417346,-4.225579280386702
2.4547893146893216,-8.248183150540617
-0.5894913075264103,5.329856118680983
1.5007607620249317,4.290283814096769
-3.2558472237590674,2.868928533456426
1.7761329717137677,-6.432853106229213
-1.6539952013343857,6.818276602439212
-4.229508235789698,-5.559684930886899
4.18567483438412,1.664144958527885
3.7011547754928706,-0.8086085992902365
9.795623816801044,-2.497266181063278
-5.367686566209484,6.114399710686257
9.437905077800139,6.085176821739317
-3.8322300690573607,2.0568336674984664
9.155596997709377,-6.885753925825721
0.9278859268304256,-7.368109283911794
6.613619699378923,-5.521002841426219
-8.202661661206642,5.620138043511782
1.1583091998817103,4.435588264947066
-5.275059159613697,-3.8257446252091682
-1.6848614559723956,8.40725166980745
1.7023267237530337,6.180883333060272
-1.475520656339075,-4.637042107517244
-3.9205024423327632,-2.2960730894759624
-6.61307231109997,7.99364222380737
-7.146868866088189,-1.2082087022323034
2.5369693765296475,-6.655310842571762
6.403975254317899,3.213620452419164
0.03412870097467646,1.4263609786473275
-8.926195648869388,3.977846329150381
9.814765082707591,-5.2719969338897705
-5.6372577112349465,-5.939241574608182
-6.711367167323175,6.261757305749594
3.4920094478267814,-5.006091447514141
8.339639016055436,-5.4852791134984695
-3.0920983381251226,-4.4201812254071715
-5.252762852800883,8.322493611133272
6.5195170871915025,1.9711599624807459
-7.909699937111851,-3.762427006114379
-4.697917112096941,6.239559644504663
3.77603725520823,-9.813227054262894
-3.292278638009183,-1.5752150110169598
-7.272165190920255,8.323121338769134
-4.883459404951331,4.501650704310311
-0.1446856055163277,3.9554563498393804
-0.21728316284142934,-2.715971942289408
1.0294668446310844,-3.643391795898536
8.928631292596851,-2.802620166092254
-1.8045730515945202,8.616646053358359
-1.871520363342647,-5.136449293600027
5.308575511034768,-5.239840206582576
-8.4697959927436,8.093167931751843
-0.0721438445064706,-5.314200886117611
-7.890894669296777,3.0149057040258995
5.778699913352806,1.7268145796171446
3.6542208926802253,-7.991394842419179
-2.6526275572472713,-5.68627347446
7.323103780409401,-4.665857547743498
5.582453694655825,2.6715224341378025
2.4180159427201,-4.232443466559131
-7.379288541111457,-7.0914125640086745
6.389710435256948,3.778611205171451
-6.554951701254639,-9.962057093327054
-3.1649182279380668,6.362812218215545
6.344013182746298,-6.738517088245497
-3.2852988457136405,8.57757769382722
-4.2402977536862245,0.4487300367985725
-2.179298918870005,7.248735201346058
-1.6632652564175192,-2.4198369411045118
5.134380078764785,6.327505489827242
-1.643719455468089,0.9018533823340551
4.444562016600065,3.2871591907616082
-7.431613221916975,6.1555087135918996
-7.399705641335408,-0.835068028648811
-1.9620899713892115,1.1805680207279678
-0.989893103452852,8.366657894923883
2.98094300813454,-9.003938097030897
6.129883349602224,7.163748812773857
-5.808083447544199,4.438524634468395
-0.09563039665362538,0.39404587083021525
3.4415276114404865,-4.520615432895278
0.9677319394949784,-5.13466068764272
4.07106427221211,0.7315691235343262
7.780777742945016,-9.206880038166075
1.4317973851709969,-8.337974041864227
1.5133969352511318,-2.5361539038407948
9.730941625733667,-3.52592967799853
-1.9834639698082306,-5.807570641281991
1.8684581908196947,8.466041080295241
-2.3197396643808794,5.625086383838749
0.03882925521365621,-0.26877221905154336
9.160823951254034,-7.681195524789233
6.889954189781552,0.5321259314492526
-8.537309740965945,2.5937867619093797
7.488592418846537,8.151732284266732
-5.36334683813193,-8.043202275763814
2.1693210239855,9.8886276301332
-3.313728569115484,-2.7354835232998926
-1.6111599088983333,-2.230056517288464
7.984099255739935,-3.860925508566144
9.83917356593033,8.88624510753575
-1.3320878328256285,4.814561901960106
-0.22125412532978217,-8.984222211817212
-7.727323988236519,0.9003130013493994
6.968471521262508,8.942155472977241
5.750537284070209,-6.395215860756145
5.193626742689121,-2.971130907936617
6.311389122977598,1.8667084706532115
-8.933437624698408,-9.950447754789465
6.562770553686626,-0.4919460461108507
2.490092820356926,8.795189125095678
-4.762070414377318,9.928956389477293
-6.679795596113509,9.403613026022963
5.3436640720751,6.793448805250524
4.042003396940402,-5.1065177000304445
6.372806934172839,9.724476198095292
-1.1051779775957797,8.27648533890094
-7.30701422300422,6.913684008311513
-7.457202197980999,3.7439911923677016
6.446220649180475,3.9633378596045326
7.851269959338776,9.784539905521225
-8.485251312254277,-9.706945806671747
3.1891347432054857,-6.564901017754665
5.7893794680977795,-9.900280958809923
-6.0845110553151045,-9.39560992260523
7.688106167045852,-1.9581830032270897
2.1713954458299494,2.5008693084847184
0.6669567047359344,2.5139510537545995
-5.848778741698684,-4.739458212316203
-2.973315484733594,-7.231307505245985
-7.244050491118514,-1.1185585618877916
4.476978974318168,-6.051563336948873
9.851489269954662,9.266092431253426
-2.0605827062866293,8.016111984080723
-0.4699433429474702,9.87119817810207
4.131289580461273,-7.040716758800205
-9.627128238703657,9.94268066805564
-0.9397686305276203,2.3332593499634786
-0.006264138295172472,-5.045331172905636
5.885900043239545,-3.6979958238584825
1.481108248336831,-9.770014715413819
-0.7408878747306087,9.94722575529126
